{
  "kill": 0.3156259623281106,
  "bribe": 0.45873305358771505,
  "room": 0.9230252823432994,
  "service": 0.4608114571287588,
  "deny": 1.204619973972706,
  "launderAt": 28.397916497317837,
  "p_early_kill": 1.024041248218705,
  "p_early_room": 1.5946184200558522,
  "p_early_service": 1.4435289530522892,
  "p_mid_kill": 0.08176015574270569,
  "p_mid_room": 1.2494396144917501,
  "p_mid_service": 1.8412444657695017,
  "p_late_kill": 1.6206595997744007,
  "p_late_room": 0.458329226105347,
  "p_late_service": 0.493730375391933
}